{"header" : {
  "cloc_url"           : "github.com/AlDanial/cloc",
  "cloc_version"       : "1.94",
  "elapsed_seconds"    : 5.3776969909668,
  "n_files"            : 402,
  "n_lines"            : 94676,
  "files_per_second"   : 74.7531890835911,
  "lines_per_second"   : 17605.3057952191,
  "report_file"        : "1.4.json"},
"Java" :{
  "nFiles": 402,
  "blank": 9947,
  "comment": 21116,
  "code": 63613},
"SUM": {
  "blank": 9947,
  "comment": 21116,
  "code": 63613,
  "nFiles": 402} }
