{"header" : {
  "cloc_url"           : "github.com/AlDanial/cloc",
  "cloc_version"       : "1.94",
  "elapsed_seconds"    : 5.35672807693481,
  "n_files"            : 402,
  "n_lines"            : 90075,
  "files_per_second"   : 75.0458104698175,
  "lines_per_second"   : 16815.3019354946,
  "report_file"        : "1.5.2.json"},
"Java" :{
  "nFiles": 402,
  "blank": 9459,
  "comment": 20202,
  "code": 60414},
"SUM": {
  "blank": 9459,
  "comment": 20202,
  "code": 60414,
  "nFiles": 402} }
