{"header" : {
  "cloc_url"           : "github.com/AlDanial/cloc",
  "cloc_version"       : "1.94",
  "elapsed_seconds"    : 5.13446688652039,
  "n_files"            : 402,
  "n_lines"            : 95255,
  "files_per_second"   : 78.2943991820024,
  "lines_per_second"   : 18552.0721245812,
  "report_file"        : "1.5.0.json"},
"Java" :{
  "nFiles": 402,
  "blank": 9952,
  "comment": 21311,
  "code": 63992},
"SUM": {
  "blank": 9952,
  "comment": 21311,
  "code": 63992,
  "nFiles": 402} }
