{"header" : {
  "cloc_url"           : "github.com/AlDanial/cloc",
  "cloc_version"       : "1.94",
  "elapsed_seconds"    : 5.17469596862793,
  "n_files"            : 402,
  "n_lines"            : 90138,
  "files_per_second"   : 77.6857234583755,
  "lines_per_second"   : 17418.9943808235,
  "report_file"        : "1.5.1.json"},
"Java" :{
  "nFiles": 402,
  "blank": 9487,
  "comment": 20200,
  "code": 60451},
"SUM": {
  "blank": 9487,
  "comment": 20200,
  "code": 60451,
  "nFiles": 402} }
