{"header" : {
  "cloc_url"           : "github.com/AlDanial/cloc",
  "cloc_version"       : "1.94",
  "elapsed_seconds"    : 5.26079702377319,
  "n_files"            : 426,
  "n_lines"            : 89936,
  "files_per_second"   : 80.9763231835279,
  "lines_per_second"   : 17095.5084550088,
  "report_file"        : "1.6.1.json"},
"Java" :{
  "nFiles": 426,
  "blank": 9463,
  "comment": 20188,
  "code": 60285},
"SUM": {
  "blank": 9463,
  "comment": 20188,
  "code": 60285,
  "nFiles": 426} }
