{"header" : {
  "cloc_url"           : "github.com/AlDanial/cloc",
  "cloc_version"       : "1.94",
  "elapsed_seconds"    : 6.62355804443359,
  "n_files"            : 950,
  "n_lines"            : 116546,
  "files_per_second"   : 143.427443924701,
  "lines_per_second"   : 17595.6788206823,
  "report_file"        : "3.0.0.json"},
"Java" :{
  "nFiles": 950,
  "blank": 12023,
  "comment": 32809,
  "code": 71714},
"SUM": {
  "blank": 12023,
  "comment": 32809,
  "code": 71714,
  "nFiles": 950} }
