{"header" : {
  "cloc_url"           : "github.com/AlDanial/cloc",
  "cloc_version"       : "1.94",
  "elapsed_seconds"    : 6.71249914169312,
  "n_files"            : 1077,
  "n_lines"            : 140127,
  "files_per_second"   : 160.446947890163,
  "lines_per_second"   : 20875.5333955477,
  "report_file"        : "3.1.2.json"},
"Java" :{
  "nFiles": 1077,
  "blank": 14026,
  "comment": 33179,
  "code": 92922},
"SUM": {
  "blank": 14026,
  "comment": 33179,
  "code": 92922,
  "nFiles": 1077} }
