{"header" : {
  "cloc_url"           : "github.com/AlDanial/cloc",
  "cloc_version"       : "1.94",
  "elapsed_seconds"    : 7.39094400405884,
  "n_files"            : 1274,
  "n_lines"            : 159816,
  "files_per_second"   : 172.373109483764,
  "lines_per_second"   : 21623.2188895268,
  "report_file"        : "3.2.0.json"},
"Java" :{
  "nFiles": 1274,
  "blank": 15343,
  "comment": 37208,
  "code": 107265},
"SUM": {
  "blank": 15343,
  "comment": 37208,
  "code": 107265,
  "nFiles": 1274} }
