{"header" : {
  "cloc_url"           : "github.com/AlDanial/cloc",
  "cloc_version"       : "1.94",
  "elapsed_seconds"    : 14.4164447784424,
  "n_files"            : 1323,
  "n_lines"            : 322089,
  "files_per_second"   : 91.7701985706176,
  "lines_per_second"   : 22341.7773903338,
  "report_file"        : "3.2.2.json"},
"Java" :{
  "nFiles": 1323,
  "blank": 31003,
  "comment": 83776,
  "code": 207310},
"SUM": {
  "blank": 31003,
  "comment": 83776,
  "code": 207310,
  "nFiles": 1323} }
