{"header" : {
  "cloc_url"           : "github.com/AlDanial/cloc",
  "cloc_version"       : "1.94",
  "elapsed_seconds"    : 9.56070613861084,
  "n_files"            : 2131,
  "n_lines"            : 246806,
  "files_per_second"   : 222.891486162719,
  "lines_per_second"   : 25814.6204288484,
  "report_file"        : "3.3.0.json"},
"Java" :{
  "nFiles": 2131,
  "blank": 23982,
  "comment": 63204,
  "code": 159620},
"SUM": {
  "blank": 23982,
  "comment": 63204,
  "code": 159620,
  "nFiles": 2131} }
