{"header" : {
  "cloc_url"           : "github.com/AlDanial/cloc",
  "cloc_version"       : "1.94",
  "elapsed_seconds"    : 10.3544950485229,
  "n_files"            : 1963,
  "n_lines"            : 245584,
  "files_per_second"   : 189.579500574489,
  "lines_per_second"   : 23717.6220423257,
  "report_file"        : "3.3.1.json"},
"Java" :{
  "nFiles": 1963,
  "blank": 23784,
  "comment": 63182,
  "code": 158618},
"SUM": {
  "blank": 23784,
  "comment": 63182,
  "code": 158618,
  "nFiles": 1963} }
