{"header" : {
  "cloc_url"           : "github.com/AlDanial/cloc",
  "cloc_version"       : "1.94",
  "elapsed_seconds"    : 10.7086839675903,
  "n_files"            : 2073,
  "n_lines"            : 246806,
  "files_per_second"   : 193.58121000432,
  "lines_per_second"   : 23047.2764671135,
  "report_file"        : "3.3.2.json"},
"Java" :{
  "nFiles": 2073,
  "blank": 23982,
  "comment": 63204,
  "code": 159620},
"SUM": {
  "blank": 23982,
  "comment": 63204,
  "code": 159620,
  "nFiles": 2073} }
