{"header" : {
  "cloc_url"           : "github.com/AlDanial/cloc",
  "cloc_version"       : "1.94",
  "elapsed_seconds"    : 13.904550075531,
  "n_files"            : 1323,
  "n_lines"            : 322089,
  "files_per_second"   : 95.1487097973917,
  "lines_per_second"   : 23164.2878230779,
  "report_file"        : "3.3.0.json"},
"Java" :{
  "nFiles": 1323,
  "blank": 31003,
  "comment": 83776,
  "code": 207310},
"SUM": {
  "blank": 31003,
  "comment": 83776,
  "code": 207310,
  "nFiles": 1323} }
