{"header" : {
  "cloc_url"           : "github.com/AlDanial/cloc",
  "cloc_version"       : "1.94",
  "elapsed_seconds"    : 10.4381680488586,
  "n_files"            : 2364,
  "n_lines"            : 266496,
  "files_per_second"   : 226.476522406486,
  "lines_per_second"   : 25530.9168000164,
  "report_file"        : "3.4.0.json"},
"Java" :{
  "nFiles": 2364,
  "blank": 25782,
  "comment": 68997,
  "code": 171717},
"SUM": {
  "blank": 25782,
  "comment": 68997,
  "code": 171717,
  "nFiles": 2364} }
