{"header" : {
  "cloc_url"           : "github.com/AlDanial/cloc",
  "cloc_version"       : "1.94",
  "elapsed_seconds"    : 10.782164812088,
  "n_files"            : 1142,
  "n_lines"            : 288760,
  "files_per_second"   : 105.915650512009,
  "lines_per_second"   : 26781.2637844552,
  "report_file"        : "3.4.1.json"},
"Java" :{
  "nFiles": 1142,
  "blank": 28207,
  "comment": 77207,
  "code": 183346},
"SUM": {
  "blank": 28207,
  "comment": 77207,
  "code": 183346,
  "nFiles": 1142} }
