{"header" : {
  "cloc_url"           : "github.com/AlDanial/cloc",
  "cloc_version"       : "1.94",
  "elapsed_seconds"    : 10.4642250537872,
  "n_files"            : 1124,
  "n_lines"            : 289115,
  "files_per_second"   : 107.413591949955,
  "lines_per_second"   : 27628.8973635332,
  "report_file"        : "3.4.2.json"},
"Java" :{
  "nFiles": 1124,
  "blank": 28304,
  "comment": 77258,
  "code": 183553},
"SUM": {
  "blank": 28304,
  "comment": 77258,
  "code": 183553,
  "nFiles": 1124} }
