{"header" : {
  "cloc_url"           : "github.com/AlDanial/cloc",
  "cloc_version"       : "1.94",
  "elapsed_seconds"    : 16.6535770893097,
  "n_files"            : 2738,
  "n_lines"            : 560275,
  "files_per_second"   : 164.40912275583,
  "lines_per_second"   : 33642.9222980361,
  "report_file"        : "3.4.1.json"},
"Java" :{
  "nFiles": 2738,
  "blank": 55123,
  "comment": 125897,
  "code": 379255},
"SUM": {
  "blank": 55123,
  "comment": 125897,
  "code": 379255,
  "nFiles": 2738} }
