{"header" : {
  "cloc_url"           : "github.com/AlDanial/cloc",
  "cloc_version"       : "1.94",
  "elapsed_seconds"    : 17.6496858596802,
  "n_files"            : 2964,
  "n_lines"            : 604907,
  "files_per_second"   : 167.935000292051,
  "lines_per_second"   : 34272.961275865,
  "report_file"        : "v4.0.2.json"},
"Java" :{
  "nFiles": 2964,
  "blank": 60296,
  "comment": 137272,
  "code": 407339},
"SUM": {
  "blank": 60296,
  "comment": 137272,
  "code": 407339,
  "nFiles": 2964} }
