{"header" : {
  "cloc_url"           : "github.com/AlDanial/cloc",
  "cloc_version"       : "1.94",
  "elapsed_seconds"    : 11.3395450115204,
  "n_files"            : 1972,
  "n_lines"            : 434389,
  "files_per_second"   : 173.904684711472,
  "lines_per_second"   : 38307.4452774501,
  "report_file"        : "v4.0.2.json"},
"Java" :{
  "nFiles": 1972,
  "blank": 42520,
  "comment": 102644,
  "code": 289225},
"SUM": {
  "blank": 42520,
  "comment": 102644,
  "code": 289225,
  "nFiles": 1972} }
