{"header" : {
  "cloc_url"           : "github.com/AlDanial/cloc",
  "cloc_version"       : "1.94",
  "elapsed_seconds"    : 16.2304399013519,
  "n_files"            : 2125,
  "n_lines"            : 453228,
  "files_per_second"   : 130.926827178787,
  "lines_per_second"   : 27924.5666016882,
  "report_file"        : "v4.0.1.json"},
"Java" :{
  "nFiles": 2125,
  "blank": 44181,
  "comment": 108426,
  "code": 300621},
"SUM": {
  "blank": 44181,
  "comment": 108426,
  "code": 300621,
  "nFiles": 2125} }
