{"header" : {
  "cloc_url"           : "github.com/AlDanial/cloc",
  "cloc_version"       : "1.94",
  "elapsed_seconds"    : 10.4838850498199,
  "n_files"            : 1154,
  "n_lines"            : 293039,
  "files_per_second"   : 110.073698301358,
  "lines_per_second"   : 27951.3747630257,
  "report_file"        : "v4.0.0.json"},
"Java" :{
  "nFiles": 1154,
  "blank": 28695,
  "comment": 77515,
  "code": 186829},
"SUM": {
  "blank": 28695,
  "comment": 77515,
  "code": 186829,
  "nFiles": 1154} }
