{"header" : {
  "cloc_url"           : "github.com/AlDanial/cloc",
  "cloc_version"       : "1.94",
  "elapsed_seconds"    : 19.1285040378571,
  "n_files"            : 3395,
  "n_lines"            : 708981,
  "files_per_second"   : 177.483821697765,
  "lines_per_second"   : 37064.1111608551,
  "report_file"        : "v4.1.2.json"},
"Java" :{
  "nFiles": 3395,
  "blank": 70246,
  "comment": 190107,
  "code": 448628},
"SUM": {
  "blank": 70246,
  "comment": 190107,
  "code": 448628,
  "nFiles": 3395} }
