{"header" : {
  "cloc_url"           : "github.com/AlDanial/cloc",
  "cloc_version"       : "1.94",
  "elapsed_seconds"    : 11.5816879272461,
  "n_files"            : 1689,
  "n_lines"            : 395974,
  "files_per_second"   : 145.833665231698,
  "lines_per_second"   : 34189.6623780084,
  "report_file"        : "v4.1.2.json"},
"Java" :{
  "nFiles": 1689,
  "blank": 39021,
  "comment": 94930,
  "code": 262023},
"SUM": {
  "blank": 39021,
  "comment": 94930,
  "code": 262023,
  "nFiles": 1689} }
