{"header" : {
  "cloc_url"           : "github.com/AlDanial/cloc",
  "cloc_version"       : "1.94",
  "elapsed_seconds"    : 11.9501450061798,
  "n_files"            : 1687,
  "n_lines"            : 395859,
  "files_per_second"   : 141.169835104729,
  "lines_per_second"   : 33125.8741877432,
  "report_file"        : "v4.1.1.json"},
"Java" :{
  "nFiles": 1687,
  "blank": 39011,
  "comment": 94869,
  "code": 261979},
"SUM": {
  "blank": 39011,
  "comment": 94869,
  "code": 261979,
  "nFiles": 1687} }
