{"header" : {
  "cloc_url"           : "github.com/AlDanial/cloc",
  "cloc_version"       : "1.94",
  "elapsed_seconds"    : 12.7155539989471,
  "n_files"            : 2117,
  "n_lines"            : 462720,
  "files_per_second"   : 166.489010244877,
  "lines_per_second"   : 36390.0778556965,
  "report_file"        : "v4.2.0.json"},
"Java" :{
  "nFiles": 2117,
  "blank": 45524,
  "comment": 108656,
  "code": 308540},
"SUM": {
  "blank": 45524,
  "comment": 108656,
  "code": 308540,
  "nFiles": 2117} }
