{"header" : {
  "cloc_url"           : "github.com/AlDanial/cloc",
  "cloc_version"       : "1.94",
  "elapsed_seconds"    : 19.6985869407654,
  "n_files"            : 3395,
  "n_lines"            : 708981,
  "files_per_second"   : 172.347387668412,
  "lines_per_second"   : 35991.4648767417,
  "report_file"        : "v4.2.1.json"},
"Java" :{
  "nFiles": 3395,
  "blank": 70246,
  "comment": 190107,
  "code": 448628},
"SUM": {
  "blank": 70246,
  "comment": 190107,
  "code": 448628,
  "nFiles": 3395} }
