{"header" : {
  "cloc_url"           : "github.com/AlDanial/cloc",
  "cloc_version"       : "1.94",
  "elapsed_seconds"    : 13.036924123764,
  "n_files"            : 2811,
  "n_lines"            : 556872,
  "files_per_second"   : 215.618344734863,
  "lines_per_second"   : 42714.9835891826,
  "report_file"        : "v4.2.1.json"},
"Java" :{
  "nFiles": 2811,
  "blank": 55231,
  "comment": 126585,
  "code": 375056},
"SUM": {
  "blank": 55231,
  "comment": 126585,
  "code": 375056,
  "nFiles": 2811} }
