{"header" : {
  "cloc_url"           : "github.com/AlDanial/cloc",
  "cloc_version"       : "1.94",
  "elapsed_seconds"    : 17.9774100780487,
  "n_files"            : 3395,
  "n_lines"            : 708981,
  "files_per_second"   : 188.848114676177,
  "lines_per_second"   : 39437.3270077262,
  "report_file"        : "v4.3.1.json"},
"Java" :{
  "nFiles": 3395,
  "blank": 70246,
  "comment": 190107,
  "code": 448628},
"SUM": {
  "blank": 70246,
  "comment": 190107,
  "code": 448628,
  "nFiles": 3395} }
