{"header" : {
  "cloc_url"           : "github.com/AlDanial/cloc",
  "cloc_version"       : "1.94",
  "elapsed_seconds"    : 19.325798034668,
  "n_files"            : 3395,
  "n_lines"            : 708981,
  "files_per_second"   : 175.671917605152,
  "lines_per_second"   : 36685.7295480466,
  "report_file"        : "v4.3.0.json"},
"Java" :{
  "nFiles": 3395,
  "blank": 70246,
  "comment": 190107,
  "code": 448628},
"SUM": {
  "blank": 70246,
  "comment": 190107,
  "code": 448628,
  "nFiles": 3395} }
