{"header" : {
  "cloc_url"           : "github.com/AlDanial/cloc",
  "cloc_version"       : "1.94",
  "elapsed_seconds"    : 13.5848190784454,
  "n_files"            : 2858,
  "n_lines"            : 564244,
  "files_per_second"   : 210.381896401895,
  "lines_per_second"   : 41534.8924959381,
  "report_file"        : "v4.3.1.json"},
"Java" :{
  "nFiles": 2858,
  "blank": 55967,
  "comment": 128829,
  "code": 379448},
"SUM": {
  "blank": 55967,
  "comment": 128829,
  "code": 379448,
  "nFiles": 2858} }
