{"header" : {
  "cloc_url"           : "github.com/AlDanial/cloc",
  "cloc_version"       : "1.94",
  "elapsed_seconds"    : 18.4664459228516,
  "n_files"            : 3395,
  "n_lines"            : 708981,
  "files_per_second"   : 183.846962982672,
  "lines_per_second"   : 38392.9318593277,
  "report_file"        : "v4.4.2.json"},
"Java" :{
  "nFiles": 3395,
  "blank": 70246,
  "comment": 190107,
  "code": 448628},
"SUM": {
  "blank": 70246,
  "comment": 190107,
  "code": 448628,
  "nFiles": 3395} }
