{"header" : {
  "cloc_url"           : "github.com/AlDanial/cloc",
  "cloc_version"       : "1.94",
  "elapsed_seconds"    : 13.0721452236176,
  "n_files"            : 2635,
  "n_lines"            : 541663,
  "files_per_second"   : 201.573648006857,
  "lines_per_second"   : 41436.4276661625,
  "report_file"        : "v4.4.2.json"},
"Java" :{
  "nFiles": 2635,
  "blank": 53733,
  "comment": 120305,
  "code": 367625},
"SUM": {
  "blank": 53733,
  "comment": 120305,
  "code": 367625,
  "nFiles": 2635} }
