{"header" : {
  "cloc_url"           : "github.com/AlDanial/cloc",
  "cloc_version"       : "1.94",
  "elapsed_seconds"    : 14.213653087616,
  "n_files"            : 3642,
  "n_lines"            : 762453,
  "files_per_second"   : 256.232509513912,
  "lines_per_second"   : 53642.2969732044,
  "report_file"        : "v4.4.1.json"},
"Java" :{
  "nFiles": 3642,
  "blank": 75588,
  "comment": 204934,
  "code": 481931},
"SUM": {
  "blank": 75588,
  "comment": 204934,
  "code": 481931,
  "nFiles": 3642} }
